{
    "parent": "builtin/entity",
    "gui_light": "front",
    "textures": {
        "particle": "item/shield_particle"
    },
    "display": {
        "thirdperson_righthand": {
            "rotation": [ 45, 135, 0 ],
            "translation": [ 3, 7, -10 ],
            "scale": [ 1, 1, 1 ]
        },
        "thirdperson_lefthand": {
            "rotation": [ 45, 135, 0 ],
            "translation": [ 15, 1, -2 ],
            "scale": [ 1, 1, 1 ]
        },
        "firstperson_righthand": {
            "rotation": [ 0, 180, -5 ],
            "translation": [ -15, -10, -11 ],
            "scale": [ 1.25, 1.25, 1.25 ]
        },
        "firstperson_lefthand": {
            "rotation": [ 0, 180, -5 ],
            "translation": [ 5, -8.5, -11 ],
            "scale": [ 1.25, 1.25, 1.25 ]
        },
        "gui": {
            "rotation": [ 0, 0, 0 ],
            "translation": [ 5, -2, 0 ],
            "scale": [ 0.65, 0.65, 0.65 ]
        }
    }
}
